conv_id,fact_id,page_title,page_type,session_index,date_label,cited_dia_ids,fact,verdict,misattribution,reason,human_verdict,human_misattribution
conv-26,adoption-research#6,Adoption research,topic,8,"15 July, 2023",D8:9,Caroline attended a council meeting for adoption last Friday,supported,0,Turn [D8:9] clearly states Caroline attended a council meeting for adoption last Friday.,,
conv-26,melanie#2,Melanie,person,3,"9 June, 2023",D3:16,Melanie has been married for 5 years.,supported,0,Turn D3:16 clearly states Melanie has been married for 5 years.,,
conv-41,travel#11,Travel,event,19,"16 June, 2023",D19:24,John shared a photo of two children playing in the ocean waves from a family vacation.,supported,0,Turn D19:24 clearly states John shared a photo of two children playing in the ocean waves from a vacation.,,
conv-47,charity-event#12,Charity event,event,15,"19 June, 2022",D15:15,"James said no interview is necessary to volunteer, just a friendly and polite attitude and a desire to help people.",supported,0,"Turn [D15:15] clearly states James said no interview is necessary, just a friendly and polite attitude and a desire to help people.",,
conv-41,john#63,John,person,26,"31 July, 2023",D26:10,"John feels a strong bond with his fire brigade team, similar to his time in the military.",supported,0,Turn D26:10 explicitly states John feels a bond with his fire brigade team similar to his military experience.,,
conv-48,gardening#1,Gardening,event,29,"17 September, 2023",D29:1,Deborah and her neighbor ran a free gardening class for the community on 16 September 2023.,supported,0,"Turn [D29:1] clearly states Deborah and her neighbor ran a free gardening class yesterday, matching the entry's date and details.",,
conv-30,dance-competition#4,Dance competition,event,8,"3 April, 2023",D8:16,Gina is excited to attend Jon's dance competition event next month.,partially,0,Turn D8:16 shows Gina's interest in joining and supporting the event but does not explicitly state she is excited to attend; that is confirmed in later turns.,,
conv-42,video-game-tournament#24,Video game tournament,event,26,"4 November, 2022",D26:12,Nate has been helping friends reset their high scores at an international video game tournament.,supported,0,Turn D26:12 clearly states Nate has been helping friends reset their high scores at an international tournament.,,
conv-44,audrey#26,Audrey,person,15,"16 August, 2023",D15:1,Audrey's four dogs mean a lot to her.,supported,0,Turn D15:1 explicitly states Audrey's four dogs mean a lot to her.,,
conv-30,clothing-store#22,Clothing store,topic,8,"3 April, 2023",D8:4,Gina has new offers and promotions in her online store to attract new customers.,supported,0,Turn D8:4 clearly states Gina has new offers and promotions in her online store to attract new customers.,,
conv-26,caroline#29,Caroline,person,13,"23 August, 2023",D13:3,Caroline has a guinea pig named Oscar,supported,0,Turn D13:3 clearly states Caroline has a guinea pig named Oscar.,,
conv-47,charity-event#1,Charity event,event,10,"8 May, 2022",D10:4,John's tournament for CS:GO raised money for charity.,supported,0,Turn [D10:4] clearly states John organized a CS:GO tournament that raised money for charity.,,
conv-43,tim#19,Tim,person,18,"16 November, 2023",D18:3,Tim's week has been swamped with exams,supported,0,"Turn [D18:3] explicitly states Tim's week has been swamped with exams, matching the entry exactly.",,
conv-47,john#4,John,person,2,"20 March, 2022",D2:18,John wants a pet but feels he is not ready for one yet.,supported,0,Turn [D2:18] clearly states John wants a pet but feels he is not ready yet.,,
conv-47,charity-event#13,Charity event,event,29,"31 October, 2022",D29:1,"John held a gaming tournament with his buddies last night, raising money for a children's hospital.",supported,0,Turn [D29:1] clearly states John held a gaming tournament with his buddies last night raising money for a children's hospital.,,
conv-50,music#1,Music,topic,11,"21 July, 2023",D11:6,Calvin has been experimenting with different music genres and adding electronic elements to his songs.,supported,0,Turn [D11:6] explicitly states Calvin experimenting with different genres and adding electronic elements to his songs.,,
conv-43,fantasy-literature#11,Fantasy literature,topic,22,"8 December, 2023",D22:7,Tim is reading a series about the power of friendship and loyalty.,supported,0,Turn D22:7 clearly states Tim is reading a series about the power of friendship and loyalty.,,
conv-49,health-advice#18,Health advice,topic,10,"11 September, 2023",D10:6,"Sam's cravings for sugary treats are usually triggered by stress, boredom, or wanting comfort",supported,0,"Turn D10:6 explicitly states Sam's cravings are triggered by stress, boredom, or wanting comfort.",,
conv-44,audrey#29,Audrey,person,15,"16 August, 2023",D15:3,Audrey plans to bring her dogs to the vet one by one next time.,supported,0,Turn D15:3 clearly states Audrey plans to bring her dogs to the vet one by one next time due to the havoc caused by taking them all together.,,
conv-48,deborah#9,Deborah,person,2,"27 January, 2023",D2:7,Deborah values love and openness in her relationship with her husband.,supported,0,Turn D2:7 explicitly states Deborah values love and openness in her relationship with her husband.,,
conv-41,john#6,John,person,3,"1 January, 2023",D3:3,"John has been inspired by sharing stories, advice, and encouragement with the group.",supported,0,"Turn [D3:3] explicitly states John finds sharing stories, advice, and encouragement inspiring.",,
conv-26,lgbtq-support-group#25,LGBTQ support group,event,15,"28 August, 2023",D15:11,Caroline is looking forward to a talent show for the kids at the LGBTQ+ youth center next month.,supported,0,Turn D15:11 clearly states Caroline is looking forward to a talent show for the kids next month.,,
conv-30,gina#7,Gina,person,2,"29 January, 2023",D2:15,Gina and Jon are determined to chase their dreams and make them happen,supported,0,Turn [D2:15] clearly shows Gina expressing determination to chase dreams and make goals happen.,,
conv-42,video-game-tournament#8,Video game tournament,event,14,"3 June, 2022",D14:8,Nate won another regional video game tournament last week.,supported,0,Turn [D14:8] explicitly states Nate won another regional video game tournament last week.,,
conv-44,rock-climbing#2,Rock climbing,event,8,"13 June, 2023",D8:3,Andrew shared a photo of the view from the top of the rock climbed during the rock climbing class.,partially,0,"The photo is shared in the same turn as Andrew's statement, but the image description mentions a man climbing, not the view from the top; the view photo is implied but not explicitly stated in the cited turns.",,
conv-43,motivation#11,Motivation,topic,23,"11 December, 2023",D23:14,Tim and John both believe they have a lot of potential and should support each other on their journey towards their dreams.,partially,0,"The cited turn supports the belief in potential and mutual support, but the idea that both believe this is mutual is implied rather than explicitly stated and could be supported by other turns as well.",,
conv-41,self-care#3,Self-care,topic,18,"12 June, 2023",D18:15,Maria finds her Zen through a mix of moments to herself and favorite tunes.,supported,0,Turn D18:15 clearly states Maria finds her Zen through moments to herself and favorite tunes.,,
conv-50,boston#8,Boston,topic,17,"2 September, 2023",D17:10,Calvin will contact Dave when he arrives in Boston.,supported,0,Turn D17:10 explicitly states Calvin will contact Dave when he arrives in Boston.,,
conv-44,volunteering#1,Volunteering,event,13,"27 July, 2023",D13:1,"Andrew and his girlfriend volunteered at a pet shelter on Monday, 24 July 2023.",partially,0,The cited turn confirms Andrew and his girlfriend volunteered at a pet shelter on Monday but does not specify the date as 24 July 2023.,,
conv-30,dance-festival#2,Dance festival,event,1,"20 January, 2023",D1:26,Jon's group will perform at the festival and has been practicing hard.,supported,0,Turn [D1:26] explicitly states Jon's group is performing at the festival and has been practicing hard.,,
conv-30,jon#8,Jon,person,6,"16 March, 2023",D6:11,Jon is starting his own business after losing his job.,supported,0,Turn D6:11 clearly states Jon lost his job and is starting his own business.,,
conv-48,robotics-project#2,Robotics project,topic,3,"1 February, 2023",D3:3,Jolene felt a mix of emotions - excited and nervous - when she first received the robotics project.,supported,0,Turn [D3:3] explicitly states Jolene felt excited and nervous when she first received the project.,,
conv-50,calvin#10,Calvin,person,4,"1 May, 2023",D4:26,Calvin received a gold necklace with a diamond pendant as a gift from another artist.,supported,0,Turn D4:26 clearly states Calvin received the necklace as a gift from another artist.,,
conv-49,evan#70,Evan,person,23,"6 January, 2024",D23:5,Evan believes family support is important and comforting.,supported,0,Turn D23:5 explicitly states Evan values family support as important and comforting.,,
conv-50,calvin#23,Calvin,person,12,"3 August, 2023",D12:1,Calvin took his Ferrari for a service and found it stressful.,supported,0,Turn [D12:1] clearly states Calvin took his Ferrari for a service and found it stressful.,,
conv-26,caroline#20,Caroline,person,8,"15 July, 2023",D8:19,Caroline felt accepted and happy at the pride parade,supported,0,Turn D8:19 explicitly states Caroline felt accepted and happy at the pride parade.,,
conv-30,dance-festival#1,Dance festival,event,1,"20 January, 2023",D1:24,Jon's group is finishing up choreography to perform at a nearby festival next month.,supported,0,Turn [D1:24] explicitly states Jon's group is finishing choreography for a nearby festival next month.,,
conv-41,yoga#5,Yoga,topic,10,"7 April, 2023",D10:7,John feels more connected and relaxed after yoga sessions.,supported,0,Turn [D10:7] explicitly states John feels relaxed and more connected after yoga sessions.,,
conv-26,pottery#2,Pottery,topic,5,"3 July, 2023",D5:8,Melanie made a bowl with a black and white flower design in her pottery class.,partially,0,"Turn [D5:8] confirms Melanie made the bowl in her class but does not mention the black and white flower design, which is stated in turn [D5:6] not cited.",,
conv-48,coffee-date#2,Coffee date,event,26,"8 September, 2023",D26:12,Jolene suggested meeting on Wednesday at 4 for coffee.,supported,0,Turn D26:12 clearly shows Jolene suggesting Wednesday at 4 for coffee.,,
conv-30,motivation#4,Motivation,topic,16,"21 June, 2023",D16:11,Gina believes tracking plans and goals is key to progress.,supported,0,Turn [D16:11] has Gina stating that tracking plans and goals is key to progress.,,
conv-48,aquarium#1,Aquarium,event,14,"26 June, 2023",D14:4,Jolene bought a new aquarium two days before this conversation.,supported,0,"Turn D14:4 clearly states Jolene bought the aquarium the day before yesterday, matching the entry's claim.",,
conv-26,lgbtq-support-group#14,LGBTQ support group,event,9,"17 July, 2023",D9:6,Caroline is mentoring a transgender teen.,supported,0,"Turn [D9:6] explicitly states Caroline mentors a transgender teen, matching the entry exactly.",,
conv-49,cooking#7,Cooking,topic,23,"6 January, 2024",D23:20,Sam shared a photo of a pie with raspberries and limes on top from his cousin's wedding.,partially,0,The cited turn states the photo is from Sam's cousin's wedding but does not mention the pie with raspberries and limes; that detail is from turn D23:18 which is not cited.,,
conv-42,joanna#17,Joanna,person,8,"17 April, 2022",D8:14,Joanna loves Nate's turtles.,supported,0,Turn [D8:14] explicitly states Joanna loves Nate's turtles.,,
conv-44,rock-climbing#3,Rock climbing,event,8,"13 June, 2023",D8:4,Audrey thinks the view from the top of the rock climbing class is stunning and congratulated Andrew on reaching the top.,supported,0,Turn D8:4 has Audrey saying the view is stunning and congratulating Andrew on reaching the top.,,
conv-26,miscellaneous#1,Miscellaneous,event,4,"27 June, 2023",D4:8,"During the camping trip, Melanie's family explored nature, roasted marshmallows, and went on a hike.",supported,0,"Turn D4:8 explicitly states Melanie's family explored nature, roasted marshmallows, and went on a hike during the camping trip.",,
conv-26,melanie#29,Melanie,person,13,"23 August, 2023",D13:4,Melanie has a cat named Bailey,supported,0,Turn D13:4 explicitly states Melanie has another cat named Bailey.,,
conv-30,fashion-internship#2,Fashion internship,event,12,"27 May, 2023",D12:3,Gina's fashion internship is a part-time position in the fashion department of an international company,supported,0,"Turn [D12:3] clearly states the internship is part-time in the fashion department of an international company, matching the entry.",,
conv-42,video-game-tournament#3,Video game tournament,event,2,"23 January, 2022",D2:16,Nate enjoys hanging out with people outside of his circle at the tournament.,supported,0,Turn D2:16 clearly states Nate hangs out with people outside his circle at the tournament.,,
conv-43,basketball-game#5,Basketball game,event,3,"16 July, 2023",D3:19,John is excited for his game in Seattle next month.,supported,0,Turn D3:19 clearly states John is excited for his game in Seattle next month.,,
conv-42,nate#39,Nate,person,19,"22 August, 2022",D19:3,Nate's fish got a new tank.,supported,0,"Turn [D19:3] clearly states Nate's fish got a new tank, matching the entry exactly.",,
conv-41,community-service#12,Community service,event,9,"2 April, 2023",D9:12,John believes it is important to put words into action and find solutions to community issues.,supported,0,Turn D9:12 explicitly states John's belief in putting words into action and finding solutions to community issues.,,
conv-42,writing#43,Writing,topic,28,"9 November, 2022",D28:12,Joanna is working on a new project - a suspenseful thriller set in a small Midwestern town.,supported,0,"Turn [D28:12] clearly states Joanna is working on a new project, a suspenseful thriller set in a small Midwestern town.",,
conv-48,yoga#42,Yoga,topic,19,"19 August, 2023",D19:5,"The yoga event included yoga, food stalls, and live music.",supported,0,"Turn [D19:5] explicitly states the yoga event included yoga, food stalls, and live music.",,
conv-44,hiking#37,Hiking,topic,14,"4 August, 2023",D14:11,Andrew enjoys hiking and finds it refreshing to be in nature.,supported,0,Turn D14:11 explicitly states Andrew enjoys hiking and finds being in nature refreshing.,,
conv-41,community-service#52,Community service,event,27,"3 August, 2023",D27:4,Maria started volunteering at the homeless shelter after witnessing a family struggling on the streets,supported,0,Turn [D27:4] clearly states Maria started volunteering after witnessing a family struggling on the streets.,,
conv-41,travel#9,Travel,event,18,"12 June, 2023",D18:12,John has been camping plenty of times and loves how uncomplicated it is.,supported,0,Turn D18:12 clearly states John has been camping plenty of times and loves how uncomplicated it is.,,
conv-50,album#1,Album,event,8,"9 June, 2023",D8:1,"Calvin met with the creative team for his album on 9 June, 2023.",supported,0,Turn D8:1 clearly states Calvin met with the creative team for his album the day before 9 June 2023.,,
conv-47,family#4,Family,person,20,"21 August, 2022",D20:17,John is organizing a gaming night with his siblings next month,supported,0,Turn [D20:17] clearly states John is organizing a gaming night with his siblings next month.,,
conv-43,tim#5,Tim,person,8,"21 August, 2023",D8:22,Tim's family enjoys prepping the Thanksgiving feast and talking about what they're thankful for.,supported,0,Turn D8:22 clearly states Tim's family enjoys prepping the Thanksgiving feast and talking about what they're thankful for.,,
conv-50,calvin#41,Calvin,person,30,"17 November, 2023",D30:4,Calvin had an interesting chat with an artist at the gala about music and art.,supported,0,Turn D30:4 clearly states Calvin had an interesting chat with an artist at the gala about music and art.,,
conv-43,john#15,John,person,13,"13 October, 2023",D13:11,Tim encouraged John to keep believing in himself,supported,0,Turn [D13:11] explicitly has Tim telling John to 'Keep believing in yourself.',,
conv-42,movies#22,Movies,topic,9,"21 April, 2022",D9:9,Joanna enjoys dramas and emotionally-driven films.,supported,0,Turn D9:9 explicitly states Joanna enjoys dramas and emotionally-driven films.,,
conv-44,gardening#4,Gardening,topic,21,"4 October, 2023",D21:8,Audrey suggested that Andrew could appreciate nature in the city by getting plants or visiting parks.,supported,0,Turn D21:8 clearly shows Audrey suggesting plants and park visits to appreciate nature in the city.,,
conv-42,video-games#9,Video games,topic,27,"7 November, 2022",D27:23,Nate is currently playing a fantasy RPG called 'Xeonoblade Chronicles'.,supported,0,Turn D27:23 clearly states Nate is currently playing the fantasy RPG 'Xeonoblade Chronicles'.,,
conv-41,maria#42,Maria,person,32,"16 August, 2023",D32:14,Maria felt good seeing smiles on people's faces when they received food or a bed at the shelter.,supported,0,Turn [D32:14] clearly states Maria felt good seeing smiles on people's faces when they received food or a bed at the shelter.,,
conv-44,andrew#16,Andrew,person,14,"4 August, 2023",D14:19,"Andrew's dog, Toby, is a German Shepherd.",supported,0,"Turn [D14:19] explicitly states Toby is a German Shepherd, attributed to Andrew.",,
conv-30,jon#3,Jon,person,1,"20 January, 2023",D1:8,Jon's favorite dance style is contemporary.,supported,0,Turn D1:8 clearly states Jon's favorite dance style is contemporary.,,
conv-30,dance-studio#7,Dance studio,topic,2,"29 January, 2023",D2:8,"Marley flooring is grippy but still allows movement, and is tough and easy to keep clean",supported,0,"Turn D2:8 explicitly describes Marley flooring as grippy, allowing movement, tough, and easy to clean.",,
conv-49,jasper#1,Jasper,event,2,"24 May, 2023",D2:1,Evan took his family on a road trip to Jasper last weekend.,supported,0,Turn [D2:1] clearly states Evan took his family on a road trip to Jasper last weekend.,,
conv-43,universal-studios#1,Universal Studios,event,10,"31 August, 2023",D10:9,Tim is planning a trip to Universal Studios next month,supported,0,Turn D10:9 clearly states Tim is planning a trip to Universal Studios next month.,,
conv-47,programming#9,Programming,topic,8,"29 April, 2022",D8:4,"John is working on a website for a local small business, which is his first professional project outside of class.",supported,0,Turn [D8:4] clearly states John is working on a website for a local small business and that it is his first professional project outside of class.,,
conv-47,hobbies#6,Hobbies,topic,3,"27 March, 2022",D3:16,James is setting small goals and tracking his progress to stay motivated.,supported,0,Turn [D3:16] explicitly states James is setting small goals and tracking progress to stay motivated.,,
conv-43,universal-studios#2,Universal Studios,event,10,"31 August, 2023",D10:11,Tim has not been to Universal Studios before,supported,0,Turn D10:11 clearly states Tim has not been to Universal Studios before and is going for the first time.,,
conv-50,japan-trip#18,Japan trip,event,10,"7 July, 2023",D10:10,Calvin is looking forward to trying the food and checking out the culture in Japan.,supported,0,Turn D10:10 has Calvin explicitly saying he can't wait to try the food and check out the culture in Japan.,,
conv-41,kindness#5,Kindness,topic,24,"17 July, 2023",D24:15,John believes that spreading positivity and making a difference is important.,supported,0,Turn [D24:15] explicitly states John's belief in spreading positivity and making a difference.,,
conv-50,music#3,Music,topic,11,"21 July, 2023",D11:10,Calvin feels great about how far he has come in making music.,supported,0,Turn D11:10 explicitly states Calvin feels great about how far he has come in making music.,,
conv-48,appreciation#1,Appreciation,topic,20,"21 August, 2023",D20:8,"Deborah learned to appreciate flowers by taking it slow, seeing beauty in them, and finding joy.",supported,0,"Turn D20:8 directly states Deborah learned to appreciate flowers by taking it slow, seeing beauty, and finding joy.",,
conv-49,health-advice#8,Health advice,topic,4,"27 July, 2023",D4:12,Evan encourages Sam to focus on healthy swaps and taking small steps.,supported,0,Turn D4:12 explicitly has Evan encouraging Sam to focus on healthy swaps and taking small steps.,,
conv-41,john#33,John,person,12,"18 April, 2023",D12:7,John has received good feedback on his blog posts so far.,supported,0,Turn D12:7 explicitly states John has received good feedback on his blog posts so far.,,
conv-44,dog-friendly-housing#18,Dog-friendly housing,topic,8,"13 June, 2023",D8:22,Audrey shared a photo of her dogs playing with a frisbee in a field.,supported,0,Turn [D8:22] clearly shows Audrey sharing a photo of her dogs playing with a frisbee in a field.,,
conv-47,gaming#17,Gaming,topic,4,"4 April, 2022",D4:8,James met the whole team at the online gaming tournament and received gaming tips from one of them.,supported,0,Turn D4:8 explicitly states James met the whole team and received gaming tips from one of them.,,
conv-49,jasper#4,Jasper,event,2,"24 May, 2023",D2:3,"Evan experienced fresh air, peacefulness, and a cozy cabin surrounded by mountains and forests during the road trip.",supported,0,"Turn [D2:3] explicitly states Evan experienced fresh air, peacefulness, and a cozy cabin surrounded by mountains and forests during the road trip.",,
conv-49,jasper#2,Jasper,event,2,"24 May, 2023",D2:1,Evan drove through the Icefields Parkway during the road trip.,supported,0,Turn [D2:1] explicitly states Evan drove through the Icefields Parkway during the road trip.,,
conv-50,car-event#6,Car event,event,5,"3 May, 2023",D5:3,Dave is currently working on a challenging car project.,supported,0,Turn D5:3 clearly states Dave is working on a challenging car project.,,
conv-26,painting#12,Painting,topic,12,"17 August, 2023",D12:8,"Melanie feels a strong connection to art, which is a huge learning experience for her.",supported,0,Turn D12:8 explicitly states Melanie feels a strong connection to art and that it has been a huge learning experience for her.,,
conv-30,gina#4,Gina,person,2,"29 January, 2023",D2:1,Gina's clothing store has a variety of clothes on display,supported,0,"Turn [D2:1] includes Gina sharing an image of a clothing store with a variety of clothes on display, supporting the entry.",,
conv-43,basketball#36,Basketball,topic,14,"17 October, 2023",D14:5,John finds it rewarding to watch younger players develop and reach their goals.,supported,0,Turn D14:5 clearly states John finds it rewarding to watch younger players develop and reach their goals.,,
conv-49,evan#5,Evan,person,3,"6 June, 2023",D3:1,Evan had a health scare last week involving a sudden heart palpitation incident.,supported,0,Turn [D3:1] explicitly states Evan had a health scare last week involving a sudden heart palpitation incident.,,
conv-42,cooking#2,Cooking,topic,10,"2 May, 2022",D10:11,Joanna made a dairy-free vanilla cake with strawberry filling and coconut cream frosting,partially,0,"The cited turn mentions the cake's ingredients but does not explicitly state Joanna made it; that is stated in turn D10:9, which is not cited.",,
conv-49,evan#60,Evan,person,21,"26 December, 2023",D21:8,Evan feels that love brings happiness and fulfillment,supported,0,Turn D21:8 clearly states Evan feels love brings happiness and fulfillment.,,
conv-47,james#12,James,person,18,"6 August, 2022",D18:16,James's puppy had a routine examination at the clinic.,supported,0,Turn [D18:16] explicitly states James's puppy had a routine examination at the clinic.,,
conv-42,joanna#3,Joanna,person,2,"23 January, 2022",D2:23,Joanna is allergic to most reptiles and animals with fur.,supported,0,Turn D2:23 explicitly states Joanna is allergic to most reptiles and animals with fur.,,
conv-48,deborah#18,Deborah,person,6,"22 February, 2023",D6:4,Deborah lost a friend last week and has been spending time in the garden for comfort.,supported,0,Turn D6:4 explicitly states Deborah lost a friend last week and has been spending time in the garden for comfort.,,
conv-26,adoption-research#9,Adoption research,topic,17,"13 October, 2023",D17:1,Caroline contacted her mentor for adoption advice.,supported,0,Turn [D17:1] clearly states Caroline contacted her mentor for adoption advice.,,
conv-26,lgbtq-support-group#13,LGBTQ support group,event,9,"17 July, 2023",D9:2,Caroline joined a mentorship program for LGBTQ youth last weekend.,supported,0,Turn [D9:2] clearly states Caroline joined a mentorship program for LGBTQ youth last weekend.,,
conv-30,clothing-store#37,Clothing store,topic,18,"21 July, 2023",D18:5,Gina advises reaching out to people in your field for help and contacts.,supported,0,Turn [D18:5] clearly states Gina's advice to reach out to people in your field for help and contacts.,,
conv-41,childhood-memories#2,Childhood memories,topic,18,"12 June, 2023",D18:3,Maria's family went on a road trip to Oregon when she was younger.,supported,0,Turn D18:3 clearly states Maria's family went on a road trip to Oregon when she was younger.,,
conv-48,jolene#8,Jolene,person,2,"27 January, 2023",D2:28,Jolene learned to play video games on her own as a child.,supported,0,Turn [D2:28] directly states Jolene learned to play video games on her own as a child.,,
